Source IP,Queried Domain,Timestamp
172.21.3.81,clients2.google.com.,2025-04-07 10:55:11
172.21.3.81,clients2.google.com.,2025-04-07 10:55:11
172.21.3.81,clientservices.googleapis.com.,2025-04-07 10:55:11
172.21.3.81,clientservices.googleapis.com.,2025-04-07 10:55:11
172.21.3.81,clientservices.googleapis.com.,2025-04-07 10:55:11
172.21.3.81,clients2.google.com.,2025-04-07 10:55:11
172.21.3.81,clients2.google.com.,2025-04-07 10:55:11
172.21.3.81,clientservices.googleapis.com.,2025-04-07 10:55:11
172.21.3.81,www.googleapis.com.,2025-04-07 10:55:13
172.21.3.81,www.googleapis.com.,2025-04-07 10:55:13
172.21.3.81,accounts.google.com.,2025-04-07 10:55:13
172.21.3.81,accounts.google.com.,2025-04-07 10:55:13
172.21.3.81,www.google.com.,2025-04-07 10:55:13
172.21.3.81,www.google.com.,2025-04-07 10:55:13
172.21.3.81,accounts.google.com.,2025-04-07 10:55:13
172.21.3.81,www.google.com.,2025-04-07 10:55:13
172.21.3.81,accounts.google.com.,2025-04-07 10:55:13
172.21.3.81,www.googleapis.com.,2025-04-07 10:55:13
172.21.3.81,www.google.com.,2025-04-07 10:55:13
172.21.3.81,www.googleapis.com.,2025-04-07 10:55:13
172.21.3.81,ogads-pa.clients6.google.com.,2025-04-07 10:55:14
172.21.3.81,ogads-pa.clients6.google.com.,2025-04-07 10:55:14
172.21.3.81,www.googleapis.com.,2025-04-07 10:55:14
172.21.3.81,optimizationguide-pa.googleapis.com.,2025-04-07 10:55:15
172.21.3.81,optimizationguide-pa.googleapis.com.,2025-04-07 10:55:15
172.21.3.81,mail.google.com.,2025-04-07 10:55:15
172.21.3.81,mail.google.com.,2025-04-07 10:55:15
172.21.3.81,play.google.com.,2025-04-07 10:55:15
172.21.3.81,play.google.com.,2025-04-07 10:55:15
172.21.3.81,clients4.google.com.,2025-04-07 10:55:15
172.21.3.81,clients4.google.com.,2025-04-07 10:55:15
172.21.3.81,memex-pa.googleapis.com.,2025-04-07 10:55:15
172.21.3.81,memex-pa.googleapis.com.,2025-04-07 10:55:15
172.21.3.81,ssl.gstatic.com.,2025-04-07 10:55:15
172.21.3.81,ssl.gstatic.com.,2025-04-07 10:55:15
172.21.3.81,docs.google.com.,2025-04-07 10:55:15
172.21.3.81,docs.google.com.,2025-04-07 10:55:15
172.21.3.81,dns.google.,2025-04-07 10:55:16
172.21.3.81,dns.google.,2025-04-07 10:55:16
172.21.3.81,dns.google.,2025-04-07 10:55:16
172.21.3.81,dns.google.,2025-04-07 10:55:16
172.21.3.81,dns.google.,2025-04-07 10:55:16
172.21.3.81,dns.google.,2025-04-07 10:55:16
172.21.3.81,dns.google.,2025-04-07 10:55:16
172.21.3.81,dns.google.,2025-04-07 10:55:16
172.21.3.81,dns.google.,2025-04-07 10:55:16
172.21.3.81,dns.google.,2025-04-07 10:55:16
172.21.3.81,dns.google.,2025-04-07 10:55:16
172.21.3.81,dns.google.,2025-04-07 10:55:16
172.21.3.81,dns.google.,2025-04-07 10:55:16
172.21.3.81,dns.google.,2025-04-07 10:55:16
172.21.3.81,dns.google.,2025-04-07 10:55:16
172.21.3.81,dns.google.,2025-04-07 10:55:16
172.21.3.81,update.googleapis.com.,2025-04-07 10:55:16
172.21.3.81,update.googleapis.com.,2025-04-07 10:55:16
172.21.3.81,mtalk.google.com.,2025-04-07 10:55:16
172.21.3.81,android.clients.google.com.,2025-04-07 10:55:16
172.21.3.81,android.clients.google.com.,2025-04-07 10:55:16
